review,sentiment
"Not bad, but delivery could be faster",Neutral
"Amazing shopping experience, will buy again",Positive
"Not bad, but delivery could be faster",Neutral
"Not bad, but delivery could be faster",Neutral
The product was damaged and support was unhelpful,Negative
"Average experience, could be better",Neutral
Delivery was late and packaging was poor,Negative
"Amazing shopping experience, will buy again",Positive
Great product quality and fast delivery,Positive
Very disappointed with the service,Negative
Great product quality and fast delivery,Positive
"The product is okay, nothing special",Neutral
The staff was very helpful and polite,Positive
Very disappointed with the service,Negative
"Amazing shopping experience, will buy again",Positive
"The product is okay, nothing special",Neutral
Delivery was late and packaging was poor,Negative
"Amazing shopping experience, will buy again",Positive
"Average experience, could be better",Neutral
"Amazing shopping experience, will buy again",Positive
Great product quality and fast delivery,Positive
"The product is okay, nothing special",Neutral
The staff was very helpful and polite,Positive
"Average experience, could be better",Neutral
Delivery was late and packaging was poor,Negative
Very disappointed with the service,Negative
Very disappointed with the service,Negative
Very disappointed with the service,Negative
"Amazing shopping experience, will buy again",Positive
Great product quality and fast delivery,Positive
The staff was very helpful and polite,Positive
The staff was very helpful and polite,Positive
Very disappointed with the service,Negative
The staff was very helpful and polite,Positive
Very disappointed with the service,Negative
Delivery was late and packaging was poor,Negative
"Average experience, could be better",Neutral
Delivery was late and packaging was poor,Negative
"Amazing shopping experience, will buy again",Positive
Very disappointed with the service,Negative
Delivery was late and packaging was poor,Negative
Delivery was late and packaging was poor,Negative
The product was damaged and support was unhelpful,Negative
The staff was very helpful and polite,Positive
Great product quality and fast delivery,Positive
Great product quality and fast delivery,Positive
Very disappointed with the service,Negative
The product was damaged and support was unhelpful,Negative
The product was damaged and support was unhelpful,Negative
"Not bad, but delivery could be faster",Neutral
Delivery was late and packaging was poor,Negative
"Average experience, could be better",Neutral
"Not bad, but delivery could be faster",Neutral
"Not bad, but delivery could be faster",Neutral
The staff was very helpful and polite,Positive
Great product quality and fast delivery,Positive
The product was damaged and support was unhelpful,Negative
"Not bad, but delivery could be faster",Neutral
Delivery was late and packaging was poor,Negative
Great product quality and fast delivery,Positive
"Amazing shopping experience, will buy again",Positive
"Amazing shopping experience, will buy again",Positive
Very disappointed with the service,Negative
"The product is okay, nothing special",Neutral
"Not bad, but delivery could be faster",Neutral
"Not bad, but delivery could be faster",Neutral
"Not bad, but delivery could be faster",Neutral
Delivery was late and packaging was poor,Negative
"Amazing shopping experience, will buy again",Positive
"The product is okay, nothing special",Neutral
"Amazing shopping experience, will buy again",Positive
Great product quality and fast delivery,Positive
"Not bad, but delivery could be faster",Neutral
Very disappointed with the service,Negative
The staff was very helpful and polite,Positive
"Not bad, but delivery could be faster",Neutral
Very disappointed with the service,Negative
The staff was very helpful and polite,Positive
Delivery was late and packaging was poor,Negative
The product was damaged and support was unhelpful,Negative
The product was damaged and support was unhelpful,Negative
Delivery was late and packaging was poor,Negative
Delivery was late and packaging was poor,Negative
Very disappointed with the service,Negative
The staff was very helpful and polite,Positive
"Average experience, could be better",Neutral
The staff was very helpful and polite,Positive
Very disappointed with the service,Negative
"Average experience, could be better",Neutral
"Amazing shopping experience, will buy again",Positive
"Amazing shopping experience, will buy again",Positive
"Not bad, but delivery could be faster",Neutral
The product was damaged and support was unhelpful,Negative
Delivery was late and packaging was poor,Negative
Great product quality and fast delivery,Positive
Great product quality and fast delivery,Positive
Great product quality and fast delivery,Positive
Great product quality and fast delivery,Positive
"Amazing shopping experience, will buy again",Positive
The staff was very helpful and polite,Positive
Very disappointed with the service,Negative
The staff was very helpful and polite,Positive
"The product is okay, nothing special",Neutral
The staff was very helpful and polite,Positive
"Not bad, but delivery could be faster",Neutral
"Amazing shopping experience, will buy again",Positive
"Not bad, but delivery could be faster",Neutral
Very disappointed with the service,Negative
The staff was very helpful and polite,Positive
Delivery was late and packaging was poor,Negative
The product was damaged and support was unhelpful,Negative
"Average experience, could be better",Neutral
"Amazing shopping experience, will buy again",Positive
The staff was very helpful and polite,Positive
The staff was very helpful and polite,Positive
The product was damaged and support was unhelpful,Negative
Very disappointed with the service,Negative
"Amazing shopping experience, will buy again",Positive
Delivery was late and packaging was poor,Negative
"The product is okay, nothing special",Neutral
The product was damaged and support was unhelpful,Negative
"The product is okay, nothing special",Neutral
Very disappointed with the service,Negative
Very disappointed with the service,Negative
The staff was very helpful and polite,Positive
"Not bad, but delivery could be faster",Neutral
Very disappointed with the service,Negative
The staff was very helpful and polite,Positive
Great product quality and fast delivery,Positive
"Average experience, could be better",Neutral
"Average experience, could be better",Neutral
"Average experience, could be better",Neutral
"The product is okay, nothing special",Neutral
Very disappointed with the service,Negative
"The product is okay, nothing special",Neutral
"Not bad, but delivery could be faster",Neutral
"The product is okay, nothing special",Neutral
"Amazing shopping experience, will buy again",Positive
Great product quality and fast delivery,Positive
Great product quality and fast delivery,Positive
"Not bad, but delivery could be faster",Neutral
Delivery was late and packaging was poor,Negative
"Average experience, could be better",Neutral
The staff was very helpful and polite,Positive
Very disappointed with the service,Negative
"The product is okay, nothing special",Neutral
"Amazing shopping experience, will buy again",Positive
Delivery was late and packaging was poor,Negative
Very disappointed with the service,Negative
Very disappointed with the service,Negative
The product was damaged and support was unhelpful,Negative
Very disappointed with the service,Negative
The staff was very helpful and polite,Positive
Very disappointed with the service,Negative
"Not bad, but delivery could be faster",Neutral
Very disappointed with the service,Negative
The product was damaged and support was unhelpful,Negative
"The product is okay, nothing special",Neutral
"The product is okay, nothing special",Neutral
Very disappointed with the service,Negative
Delivery was late and packaging was poor,Negative
"The product is okay, nothing special",Neutral
"Not bad, but delivery could be faster",Neutral
The product was damaged and support was unhelpful,Negative
"Not bad, but delivery could be faster",Neutral
Great product quality and fast delivery,Positive
Delivery was late and packaging was poor,Negative
"Amazing shopping experience, will buy again",Positive
Great product quality and fast delivery,Positive
"The product is okay, nothing special",Neutral
The product was damaged and support was unhelpful,Negative
"Not bad, but delivery could be faster",Neutral
Great product quality and fast delivery,Positive
"Not bad, but delivery could be faster",Neutral
The product was damaged and support was unhelpful,Negative
Delivery was late and packaging was poor,Negative
"The product is okay, nothing special",Neutral
"Not bad, but delivery could be faster",Neutral
Very disappointed with the service,Negative
"The product is okay, nothing special",Neutral
"Not bad, but delivery could be faster",Neutral
"Average experience, could be better",Neutral
"The product is okay, nothing special",Neutral
Delivery was late and packaging was poor,Negative
Great product quality and fast delivery,Positive
The product was damaged and support was unhelpful,Negative
The staff was very helpful and polite,Positive
"Not bad, but delivery could be faster",Neutral
"Average experience, could be better",Neutral
"Not bad, but delivery could be faster",Neutral
"The product is okay, nothing special",Neutral
Delivery was late and packaging was poor,Negative
"Average experience, could be better",Neutral
"Amazing shopping experience, will buy again",Positive
The staff was very helpful and polite,Positive
Delivery was late and packaging was poor,Negative
"The product is okay, nothing special",Neutral
"Amazing shopping experience, will buy again",Positive
"The product is okay, nothing special",Neutral
Delivery was late and packaging was poor,Negative
"Not bad, but delivery could be faster",Neutral
"Not bad, but delivery could be faster",Neutral
Very disappointed with the service,Negative
The product was damaged and support was unhelpful,Negative
"Amazing shopping experience, will buy again",Positive
"The product is okay, nothing special",Neutral
"The product is okay, nothing special",Neutral
"Amazing shopping experience, will buy again",Positive
"Amazing shopping experience, will buy again",Positive
Very disappointed with the service,Negative
"Average experience, could be better",Neutral
Great product quality and fast delivery,Positive
"The product is okay, nothing special",Neutral
The staff was very helpful and polite,Positive
The product was damaged and support was unhelpful,Negative
Very disappointed with the service,Negative
The staff was very helpful and polite,Positive
The product was damaged and support was unhelpful,Negative
The product was damaged and support was unhelpful,Negative
Great product quality and fast delivery,Positive
Very disappointed with the service,Negative
Very disappointed with the service,Negative
Delivery was late and packaging was poor,Negative
Very disappointed with the service,Negative
"The product is okay, nothing special",Neutral
Delivery was late and packaging was poor,Negative
The staff was very helpful and polite,Positive
"The product is okay, nothing special",Neutral
"Average experience, could be better",Neutral
Delivery was late and packaging was poor,Negative
The product was damaged and support was unhelpful,Negative
"Amazing shopping experience, will buy again",Positive
Delivery was late and packaging was poor,Negative
"Average experience, could be better",Neutral
Delivery was late and packaging was poor,Negative
The staff was very helpful and polite,Positive
Delivery was late and packaging was poor,Negative
"The product is okay, nothing special",Neutral
Delivery was late and packaging was poor,Negative
The product was damaged and support was unhelpful,Negative
The staff was very helpful and polite,Positive
Very disappointed with the service,Negative
"Amazing shopping experience, will buy again",Positive
"The product is okay, nothing special",Neutral
The product was damaged and support was unhelpful,Negative
"Average experience, could be better",Neutral
Very disappointed with the service,Negative
"Not bad, but delivery could be faster",Neutral
Delivery was late and packaging was poor,Negative
Very disappointed with the service,Negative
The product was damaged and support was unhelpful,Negative
"The product is okay, nothing special",Neutral
"The product is okay, nothing special",Neutral
Delivery was late and packaging was poor,Negative
Delivery was late and packaging was poor,Negative
"Not bad, but delivery could be faster",Neutral
Very disappointed with the service,Negative
"Amazing shopping experience, will buy again",Positive
Great product quality and fast delivery,Positive
Very disappointed with the service,Negative
The staff was very helpful and polite,Positive
Delivery was late and packaging was poor,Negative
"Amazing shopping experience, will buy again",Positive
"Not bad, but delivery could be faster",Neutral
Delivery was late and packaging was poor,Negative
"The product is okay, nothing special",Neutral
"The product is okay, nothing special",Neutral
"Amazing shopping experience, will buy again",Positive
"Amazing shopping experience, will buy again",Positive
"Not bad, but delivery could be faster",Neutral
"Amazing shopping experience, will buy again",Positive
The product was damaged and support was unhelpful,Negative
"The product is okay, nothing special",Neutral
"Amazing shopping experience, will buy again",Positive
Delivery was late and packaging was poor,Negative
The staff was very helpful and polite,Positive
"Average experience, could be better",Neutral
The staff was very helpful and polite,Positive
"Average experience, could be better",Neutral
Delivery was late and packaging was poor,Negative
The product was damaged and support was unhelpful,Negative
"Not bad, but delivery could be faster",Neutral
The staff was very helpful and polite,Positive
"Not bad, but delivery could be faster",Neutral
"The product is okay, nothing special",Neutral
"Not bad, but delivery could be faster",Neutral
Very disappointed with the service,Negative
"Not bad, but delivery could be faster",Neutral
Great product quality and fast delivery,Positive
Very disappointed with the service,Negative
Very disappointed with the service,Negative
The product was damaged and support was unhelpful,Negative
"The product is okay, nothing special",Neutral
Delivery was late and packaging was poor,Negative
The product was damaged and support was unhelpful,Negative
"The product is okay, nothing special",Neutral
"The product is okay, nothing special",Neutral
"Average experience, could be better",Neutral
The product was damaged and support was unhelpful,Negative
Delivery was late and packaging was poor,Negative
The staff was very helpful and polite,Positive
Very disappointed with the service,Negative
"Amazing shopping experience, will buy again",Positive
The staff was very helpful and polite,Positive
"Average experience, could be better",Neutral
Very disappointed with the service,Negative
Delivery was late and packaging was poor,Negative
The staff was very helpful and polite,Positive
Delivery was late and packaging was poor,Negative
"Not bad, but delivery could be faster",Neutral
"Average experience, could be better",Neutral
"Not bad, but delivery could be faster",Neutral
The staff was very helpful and polite,Positive
"Average experience, could be better",Neutral
"Average experience, could be better",Neutral
The product was damaged and support was unhelpful,Negative
Great product quality and fast delivery,Positive
The staff was very helpful and polite,Positive
"Not bad, but delivery could be faster",Neutral
"Not bad, but delivery could be faster",Neutral
The product was damaged and support was unhelpful,Negative
Very disappointed with the service,Negative
"The product is okay, nothing special",Neutral
"The product is okay, nothing special",Neutral
"The product is okay, nothing special",Neutral
Delivery was late and packaging was poor,Negative
Very disappointed with the service,Negative
"Average experience, could be better",Neutral
Delivery was late and packaging was poor,Negative
Very disappointed with the service,Negative
"Not bad, but delivery could be faster",Neutral
The staff was very helpful and polite,Positive
Very disappointed with the service,Negative
Great product quality and fast delivery,Positive
"The product is okay, nothing special",Neutral
"The product is okay, nothing special",Neutral
Delivery was late and packaging was poor,Negative
Very disappointed with the service,Negative
"The product is okay, nothing special",Neutral
Great product quality and fast delivery,Positive
"Average experience, could be better",Neutral
Delivery was late and packaging was poor,Negative
"The product is okay, nothing special",Neutral
Delivery was late and packaging was poor,Negative
"Amazing shopping experience, will buy again",Positive
"Amazing shopping experience, will buy again",Positive
The product was damaged and support was unhelpful,Negative
"Not bad, but delivery could be faster",Neutral
"Amazing shopping experience, will buy again",Positive
"Average experience, could be better",Neutral
Delivery was late and packaging was poor,Negative
"The product is okay, nothing special",Neutral
The product was damaged and support was unhelpful,Negative
Great product quality and fast delivery,Positive
"Average experience, could be better",Neutral
Very disappointed with the service,Negative
"Amazing shopping experience, will buy again",Positive
Delivery was late and packaging was poor,Negative
Great product quality and fast delivery,Positive
The staff was very helpful and polite,Positive
"The product is okay, nothing special",Neutral
The product was damaged and support was unhelpful,Negative
Delivery was late and packaging was poor,Negative
The product was damaged and support was unhelpful,Negative
"Not bad, but delivery could be faster",Neutral
The staff was very helpful and polite,Positive
"Not bad, but delivery could be faster",Neutral
Very disappointed with the service,Negative
Very disappointed with the service,Negative
Great product quality and fast delivery,Positive
The product was damaged and support was unhelpful,Negative
"Not bad, but delivery could be faster",Neutral
The product was damaged and support was unhelpful,Negative
"Average experience, could be better",Neutral
Great product quality and fast delivery,Positive
The product was damaged and support was unhelpful,Negative
The staff was very helpful and polite,Positive
The staff was very helpful and polite,Positive
"Average experience, could be better",Neutral
"Average experience, could be better",Neutral
The product was damaged and support was unhelpful,Negative
"Not bad, but delivery could be faster",Neutral
Delivery was late and packaging was poor,Negative
"Average experience, could be better",Neutral
Very disappointed with the service,Negative
The staff was very helpful and polite,Positive
"Amazing shopping experience, will buy again",Positive
Delivery was late and packaging was poor,Negative
Great product quality and fast delivery,Positive
Delivery was late and packaging was poor,Negative
"Amazing shopping experience, will buy again",Positive
"Average experience, could be better",Neutral
Great product quality and fast delivery,Positive
The product was damaged and support was unhelpful,Negative
"Average experience, could be better",Neutral
The product was damaged and support was unhelpful,Negative
"Amazing shopping experience, will buy again",Positive
The product was damaged and support was unhelpful,Negative
The product was damaged and support was unhelpful,Negative
"Amazing shopping experience, will buy again",Positive
Very disappointed with the service,Negative
"The product is okay, nothing special",Neutral
Delivery was late and packaging was poor,Negative
The product was damaged and support was unhelpful,Negative
The product was damaged and support was unhelpful,Negative
Very disappointed with the service,Negative
"Average experience, could be better",Neutral
Delivery was late and packaging was poor,Negative
"Amazing shopping experience, will buy again",Positive
"The product is okay, nothing special",Neutral
Delivery was late and packaging was poor,Negative
"Not bad, but delivery could be faster",Neutral
"Not bad, but delivery could be faster",Neutral
"Amazing shopping experience, will buy again",Positive
Great product quality and fast delivery,Positive
"Not bad, but delivery could be faster",Neutral
Very disappointed with the service,Negative
"Amazing shopping experience, will buy again",Positive
"The product is okay, nothing special",Neutral
Great product quality and fast delivery,Positive
Great product quality and fast delivery,Positive
"Amazing shopping experience, will buy again",Positive
Great product quality and fast delivery,Positive
"The product is okay, nothing special",Neutral
"Amazing shopping experience, will buy again",Positive
Very disappointed with the service,Negative
"Amazing shopping experience, will buy again",Positive
"The product is okay, nothing special",Neutral
The product was damaged and support was unhelpful,Negative
"The product is okay, nothing special",Neutral
"Average experience, could be better",Neutral
Great product quality and fast delivery,Positive
Delivery was late and packaging was poor,Negative
"Amazing shopping experience, will buy again",Positive
"Not bad, but delivery could be faster",Neutral
Delivery was late and packaging was poor,Negative
"The product is okay, nothing special",Neutral
Very disappointed with the service,Negative
"Not bad, but delivery could be faster",Neutral
"The product is okay, nothing special",Neutral
Great product quality and fast delivery,Positive
"The product is okay, nothing special",Neutral
"The product is okay, nothing special",Neutral
"Average experience, could be better",Neutral
The staff was very helpful and polite,Positive
The product was damaged and support was unhelpful,Negative
"Amazing shopping experience, will buy again",Positive
"Amazing shopping experience, will buy again",Positive
The product was damaged and support was unhelpful,Negative
The product was damaged and support was unhelpful,Negative
The staff was very helpful and polite,Positive
"The product is okay, nothing special",Neutral
"Average experience, could be better",Neutral
Very disappointed with the service,Negative
"Amazing shopping experience, will buy again",Positive
"Amazing shopping experience, will buy again",Positive
Very disappointed with the service,Negative
"Amazing shopping experience, will buy again",Positive
"Average experience, could be better",Neutral
Very disappointed with the service,Negative
"Not bad, but delivery could be faster",Neutral
"Average experience, could be better",Neutral
"Not bad, but delivery could be faster",Neutral
"The product is okay, nothing special",Neutral
The product was damaged and support was unhelpful,Negative
Great product quality and fast delivery,Positive
Delivery was late and packaging was poor,Negative
Delivery was late and packaging was poor,Negative
Delivery was late and packaging was poor,Negative
"The product is okay, nothing special",Neutral
"Amazing shopping experience, will buy again",Positive
The staff was very helpful and polite,Positive
Great product quality and fast delivery,Positive
Great product quality and fast delivery,Positive
Very disappointed with the service,Negative
"Average experience, could be better",Neutral
Very disappointed with the service,Negative
"The product is okay, nothing special",Neutral
The product was damaged and support was unhelpful,Negative
"Average experience, could be better",Neutral
Great product quality and fast delivery,Positive
Very disappointed with the service,Negative
The product was damaged and support was unhelpful,Negative
"Amazing shopping experience, will buy again",Positive
The product was damaged and support was unhelpful,Negative
"Not bad, but delivery could be faster",Neutral
"The product is okay, nothing special",Neutral
Delivery was late and packaging was poor,Negative
Great product quality and fast delivery,Positive
Very disappointed with the service,Negative
"Average experience, could be better",Neutral
Delivery was late and packaging was poor,Negative
Delivery was late and packaging was poor,Negative
Great product quality and fast delivery,Positive
The product was damaged and support was unhelpful,Negative
Delivery was late and packaging was poor,Negative
The staff was very helpful and polite,Positive
The product was damaged and support was unhelpful,Negative
"The product is okay, nothing special",Neutral
The staff was very helpful and polite,Positive
